timestamp,site_id,voltage_l1_v,voltage_l2_v,voltage_l3_v,frequency_hz,status
2026-10-01T08:00:00,SITE-01,230.5,231.0,230.8,50.0,Normal
2026-10-01T08:15:00,SITE-01,229.8,230.2,230.0,50.0,Normal
2026-10-01T08:30:00,SITE-01,195.0,245.0,210.0,49.2,Grid_Voltage_Fluctuation
2026-10-01T08:45:00,SITE-01,231.0,230.5,231.2,50.0,Normal
2026-10-01T09:00:00,SITE-02,230.1,230.8,230.4,50.0,Normal
2026-10-01T09:15:00,SITE-02,228.5,229.0,228.8,49.9,Normal
2026-10-01T09:30:00,SITE-02,180.0,250.0,205.0,48.5,Grid_Voltage_Fluctuation
2026-10-01T09:45:00,SITE-02,230.0,230.5,230.2,50.0,Normal
2026-10-01T10:00:00,SITE-01,231.5,231.0,231.8,50.1,Normal
2026-10-01T10:15:00,SITE-01,229.5,230.0,229.8,50.0,Normal
2026-10-01T10:30:00,SITE-01,230.2,230.5,230.1,50.0,Normal
2026-10-01T10:45:00,SITE-01,229.9,230.1,230.0,50.0,Normal
2026-10-01T11:00:00,SITE-02,230.0,230.2,230.1,50.0,Normal
2026-10-01T11:15:00,SITE-02,229.5,229.8,229.6,50.0,Normal
2026-10-01T11:30:00,SITE-01,190.0,248.0,200.0,48.8,Grid_Voltage_Fluctuation
2026-10-01T11:45:00,SITE-01,230.5,230.8,230.6,50.0,Normal
2026-10-01T12:00:00,SITE-02,230.1,230.4,230.2,50.0,Normal
2026-10-01T12:15:00,SITE-02,229.8,230.0,229.9,50.0,Normal
2026-10-01T12:30:00,SITE-01,230.0,230.2,230.1,50.0,Normal
2026-10-01T12:45:00,SITE-01,230.3,230.5,230.4,50.0,Normal