timestamp,site_id,inverter_id,efficiency_pct,irradiance_wm2,error_code,status
2026-10-01T08:00:00,SITE-01,INV-A1,98.5,800,0,Normal
2026-10-01T08:15:00,SITE-01,INV-A1,98.2,820,0,Normal
2026-10-01T08:30:00,SITE-01,INV-A1,85.0,850,ERR-104,Grid_Voltage_Fluctuation
2026-10-01T08:45:00,SITE-01,INV-A1,97.9,810,0,Normal
2026-10-01T09:00:00,SITE-02,INV-B2,98.1,790,0,Normal
2026-10-01T09:15:00,SITE-02,INV-B2,97.5,780,ERR-205,MPPT_Failure
2026-10-01T09:30:00,SITE-02,INV-B2,92.0,800,ERR-205,MPPT_Failure
2026-10-01T09:45:00,SITE-02,INV-B2,98.0,810,0,Normal
2026-10-01T10:00:00,SITE-01,INV-A1,98.3,830,0,Normal
2026-10-01T10:15:00,SITE-01,INV-A1,98.4,840,0,Normal
2026-10-01T10:30:00,SITE-01,INV-A1,98.1,820,0,Normal
2026-10-01T10:45:00,SITE-01,INV-A1,98.0,810,0,Normal
2026-10-01T11:00:00,SITE-02,INV-B2,97.8,790,ERR-301,Inverter_Overheat
2026-10-01T11:15:00,SITE-02,INV-B2,90.0,780,ERR-301,Inverter_Overheat
2026-10-01T11:30:00,SITE-01,INV-A1,98.2,830,0,Normal
2026-10-01T11:45:00,SITE-01,INV-A1,98.5,850,0,Normal
2026-10-01T12:00:00,SITE-02,INV-B2,98.1,800,0,Normal
2026-10-01T12:15:00,SITE-02,INV-B2,98.3,810,0,Normal
2026-10-01T12:30:00,SITE-01,INV-A1,98.4,840,0,Normal
2026-10-01T12:45:00,SITE-01,INV-A1,98.6,860,0,Normal