timestamp,site_id,ping_ms,packet_loss_pct,connection_status,status
2026-10-01T08:00:00,SITE-01,15,0,Connected,Normal
2026-10-01T08:15:00,SITE-01,18,0,Connected,Normal
2026-10-01T08:30:00,SITE-01,1200,85,Degraded,Monitoring_Degraded
2026-10-01T08:45:00,SITE-01,2000,100,Offline,Monitoring_Offline
2026-10-01T09:00:00,SITE-02,2000,100,Offline,Monitoring_Offline
2026-10-01T09:15:00,SITE-02,45,2,Connected,Comms_Protocol_Failure
2026-10-01T09:30:00,SITE-02,50,5,Connected,Comms_Protocol_Failure
2026-10-01T09:45:00,SITE-02,20,0,Connected,Normal
2026-10-01T10:00:00,SITE-01,16,0,Connected,Normal
2026-10-01T10:15:00,SITE-01,19,0,Connected,Normal
2026-10-01T10:30:00,SITE-01,17,0,Connected,Normal
2026-10-01T10:45:00,SITE-01,21,0,Connected,Normal
2026-10-01T11:00:00,SITE-02,25,1,Connected,Normal
2026-10-01T11:15:00,SITE-02,1500,90,Degraded,Monitoring_Degraded
2026-10-01T11:30:00,SITE-01,18,0,Connected,Normal
2026-10-01T11:45:00,SITE-01,16,0,Connected,Normal
2026-10-01T12:00:00,SITE-02,22,0,Connected,Normal
2026-10-01T12:15:00,SITE-02,19,0,Connected,Normal
2026-10-01T12:30:00,SITE-01,15,0,Connected,Normal
2026-10-01T12:45:00,SITE-01,17,0,Connected,Normal