timestamp,site_id,soc_pct,voltage_v,current_a,temperature_c,status
2026-10-01T08:00:00,SITE-01,85.0,51.2,15.5,24.0,Normal
2026-10-01T08:15:00,SITE-01,88.0,51.5,12.0,24.5,Normal
2026-10-01T08:30:00,SITE-01,87.5,51.4,12.5,24.2,Normal
2026-10-01T08:45:00,SITE-01,86.0,51.3,13.0,24.8,Sensor_Drift
2026-10-01T09:00:00,SITE-02,45.0,49.8,-20.0,26.0,Normal
2026-10-01T09:15:00,SITE-02,44.5,49.7,-20.5,26.2,Sensor_Drift
2026-10-01T09:30:00,SITE-02,44.0,49.6,-21.0,26.5,Sensor_Drift
2026-10-01T09:45:00,SITE-02,43.5,49.5,-21.5,26.8,Normal
2026-10-01T10:00:00,SITE-01,84.0,51.1,14.0,25.0,Normal
2026-10-01T10:15:00,SITE-01,83.0,51.0,14.5,25.2,Normal
2026-10-01T10:30:00,SITE-01,82.0,50.9,15.0,25.5,Normal
2026-10-01T10:45:00,SITE-01,81.0,50.8,15.5,25.8,Normal
2026-10-01T11:00:00,SITE-02,42.0,49.4,-22.0,27.0,Normal
2026-10-01T11:15:00,SITE-02,41.5,49.3,-22.5,27.2,Sensor_Drift
2026-10-01T11:30:00,SITE-01,80.0,50.7,16.0,26.0,Normal
2026-10-01T11:45:00,SITE-01,79.0,50.6,16.5,26.2,Normal
2026-10-01T12:00:00,SITE-02,41.0,49.2,-23.0,27.5,Normal
2026-10-01T12:15:00,SITE-02,40.5,49.1,-23.5,27.8,Normal
2026-10-01T12:30:00,SITE-01,78.0,50.5,17.0,26.5,Normal
2026-10-01T12:45:00,SITE-01,77.0,50.4,17.5,26.8,Normal